{"cameraMode":{"drawMode":0,"name":"Shaded","section":"Shading Mode"},"sceneLighting":true,"audioPlay":false,"sceneViewState":{"m_AlwaysRefresh":false,"showFog":true,"showSkybox":true,"showFlares":true,"showImageEffects":true,"showParticleSystems":true,"showVisualEffectGraphs":true,"m_FxEnabled":true},"in2DMode":false,"pivot":{"x":-0.7863521575927734,"y":1.2405937910079957,"z":2.859236240386963},"rotation":{"x":0.16924510896205903,"y":-0.44031068682670596,"z":0.08490881323814392,"w":0.8776522874832153},"size":14.247970581054688,"orthographic":true}