{"cameraMode":{"drawMode":0,"name":"Shaded","section":"Shading Mode"},"sceneLighting":true,"audioPlay":false,"sceneViewState":{"m_AlwaysRefresh":false,"showFog":true,"showSkybox":true,"showFlares":true,"showImageEffects":true,"showParticleSystems":true,"showVisualEffectGraphs":true,"m_FxEnabled":true},"in2DMode":false,"pivot":{"x":-3.6530001163482668,"y":1.5298312902450562,"z":-1.0722867250442505},"rotation":{"x":0.1339881420135498,"y":-0.4194609820842743,"z":0.06275194883346558,"w":0.8956345319747925},"size":16.21529769897461,"orthographic":true}