{"cameraMode":{"drawMode":0,"name":"Shaded","section":"Shading Mode"},"sceneLighting":true,"audioPlay":false,"sceneViewState":{"m_AlwaysRefresh":false,"showFog":true,"showSkybox":true,"showFlares":true,"showImageEffects":true,"showParticleSystems":true,"showVisualEffectGraphs":true,"m_FxEnabled":true},"in2DMode":false,"pivot":{"x":2.440000295639038,"y":1.119999885559082,"z":0.34999990463256838},"rotation":{"x":0.11426334828138352,"y":-0.12926290929317475,"z":0.014996598474681378,"w":0.984891414642334},"size":12.12435531616211,"orthographic":true}