{"cameraMode":{"drawMode":0,"name":"Shaded","section":"Shading Mode"},"sceneLighting":true,"audioPlay":false,"sceneViewState":{"m_AlwaysRefresh":false,"showFog":true,"showSkybox":true,"showFlares":true,"showImageEffects":true,"showParticleSystems":true,"showVisualEffectGraphs":true,"m_FxEnabled":true},"in2DMode":false,"pivot":{"x":-0.5295895934104919,"y":1.2742664813995362,"z":0.5390587449073792},"rotation":{"x":0.2619222402572632,"y":-0.4181768000125885,"z":0.12729838490486146,"w":0.8604186177253723},"size":2.719040870666504,"orthographic":true}