{"cameraMode":{"drawMode":0,"name":"Shaded","section":"Shading Mode"},"sceneLighting":true,"audioPlay":false,"sceneViewState":{"m_AlwaysRefresh":false,"showFog":true,"showSkybox":true,"showFlares":true,"showImageEffects":true,"showParticleSystems":true,"showVisualEffectGraphs":true,"m_FxEnabled":true},"in2DMode":false,"pivot":{"x":-1.7620651721954346,"y":0.6539434790611267,"z":-0.6007185578346252},"rotation":{"x":0.18612781167030335,"y":-0.5144602060317993,"z":0.11546813696622849,"w":0.8291652798652649},"size":3.1986658573150636,"orthographic":false}