{"cameraMode":{"drawMode":0,"name":"Shaded","section":"Shading Mode"},"sceneLighting":true,"audioPlay":false,"sceneViewState":{"m_AlwaysRefresh":false,"showFog":true,"showSkybox":true,"showFlares":true,"showImageEffects":true,"showParticleSystems":true,"showVisualEffectGraphs":true,"m_FxEnabled":true},"in2DMode":false,"pivot":{"x":-0.7714402079582214,"y":1.0090916156768799,"z":0.14224383234977723},"rotation":{"x":0.3013990819454193,"y":-0.1451440006494522,"z":0.046477314084768298,"w":0.9412394762039185},"size":0.9672439098358154,"orthographic":true}