{"cameraMode":{"drawMode":0,"name":"Shaded","section":"Shading Mode"},"sceneLighting":true,"audioPlay":false,"sceneViewState":{"m_AlwaysRefresh":false,"showFog":true,"showSkybox":true,"showFlares":true,"showImageEffects":true,"showParticleSystems":true,"showVisualEffectGraphs":true,"m_FxEnabled":true},"in2DMode":false,"pivot":{"x":-0.33509063720703127,"y":-0.19730758666992188,"z":0.47440528869628909},"rotation":{"x":0.2235621213912964,"y":-0.14354589581489564,"z":0.033307626843452457,"w":0.9634860157966614},"size":19.386043548583986,"orthographic":true}