{"cameraMode":{"drawMode":0,"name":"Shaded","section":"Shading Mode"},"sceneLighting":true,"audioPlay":false,"sceneViewState":{"m_AlwaysRefresh":false,"showFog":true,"showSkybox":true,"showFlares":true,"showImageEffects":true,"showParticleSystems":true,"showVisualEffectGraphs":true,"m_FxEnabled":true},"in2DMode":false,"pivot":{"x":2.200000047683716,"y":0.6905431747436523,"z":-0.25999999046325686},"rotation":{"x":0.00473414920270443,"y":-0.9953014254570007,"z":0.07417989522218704,"w":0.06267086416482926},"size":1.8247594833374024,"orthographic":false}