{"cameraMode":{"drawMode":0,"name":"Shaded","section":"Shading Mode"},"sceneLighting":true,"audioPlay":false,"sceneViewState":{"m_AlwaysRefresh":false,"showFog":true,"showSkybox":true,"showFlares":true,"showImageEffects":true,"showParticleSystems":true,"showVisualEffectGraphs":true,"m_FxEnabled":true},"in2DMode":false,"pivot":{"x":-0.1835618019104004,"y":0.5017881393432617,"z":0.3544025421142578},"rotation":{"x":0.29300621151924136,"y":-0.3041096031665802,"z":0.0988880842924118,"w":0.9010444283485413},"size":1.9131925106048585,"orthographic":false}