{"cameraMode":{"drawMode":0,"name":"Shaded","section":"Shading Mode"},"sceneLighting":true,"audioPlay":false,"sceneViewState":{"m_AlwaysRefresh":false,"showFog":true,"showSkybox":true,"showFlares":true,"showImageEffects":true,"showParticleSystems":true,"showVisualEffectGraphs":true,"m_FxEnabled":true},"in2DMode":false,"pivot":{"x":-0.515999972820282,"y":1.136771321296692,"z":0.43136316537857058},"rotation":{"x":0.00910449679940939,"y":-0.4980650544166565,"z":0.005230066366493702,"w":0.8670759797096252},"size":0.22410398721694947,"orthographic":true}