{"cameraMode":{"drawMode":0,"name":"Shaded","section":"Shading Mode"},"sceneLighting":true,"audioPlay":false,"sceneViewState":{"m_AlwaysRefresh":false,"showFog":true,"showSkybox":true,"showFlares":true,"showImageEffects":true,"showParticleSystems":true,"showVisualEffectGraphs":true,"m_FxEnabled":true},"in2DMode":false,"pivot":{"x":-0.8909357786178589,"y":1.2469640970230103,"z":0.13056474924087525},"rotation":{"x":0.17094019055366517,"y":-0.3159273862838745,"z":0.05797886475920677,"w":0.9314548969268799},"size":1.307616949081421,"orthographic":true}